sex,sd.random.intercept,temporal.correlation,sd.shock,sd.uncorrelated.error
1,0.8228415261031313,0.9428602884685268,0.17898975418198923,0.18532362613708256
0,0.7455043097453655,0.9664694793043662,0.16238540382434768,0.21049809960530438
