sex,sd.random.intercept,temporal.correlation,sd.shock,sd.uncorrelated.error
0,0.7488476483208696,0.9655036127650153,0.1636728475460161,0.21006737962637712
1,0.8236458435012126,0.9414301470319367,0.18133675038669583,0.18006257161084357
