sex,sd.random.intercept,temporal.correlation,sd.shock,sd.uncorrelated.error
M,0.748179796478641,0.9656294063697531,0.16357613368445004,0.2101806608783754
F,0.8240025872709072,0.9413649162889203,0.18123612591305752,0.18018672099600253
