sex,mu.education.1,mu.education.2,mu.education.3,mu.age.1,mu.age.2,sigma.education.1,sigma.education.2,sigma.education.3,sigma.age.1,sigma.age.2,nu,tau
0,18.045919761451803,17.749184852944676,17.19632776839254,0.2573144624319797,-0.0021373730930689225,2.2195643181583975,1.9239913013510668,1.6766606853784787,0.03491497445562021,-3.3269193781317166e-4,0.26259712774682814,0.7680483159970075
1,18.996077167746762,18.28917082413464,17.611127860983473,0.1559932520133465,-0.0011741703386391768,2.7276605909095952,2.398178736239314,1.9603247693285923,0.03460255947531755,-2.9259723148605636e-4,0.44364380706225914,0.8302466989926441
