sex,mu.year,sigma.year
0,0.036241874371627666,0.019687449972285165
1,0.014401620713611165,0.03593550512943161
