sex,sd.random.intercept,temporal.correlation,sd.shock,sd.uncorrelated.error
1,0.8067491110905501,0.9498875910589268,0.17481790418181836,0.19076615154407006
0,0.7124919069664345,0.9707684852627878,0.16016751272036356,0.21690046103888982
