sex,sd.random.intercept,temporal.correlation,sd.shock,sd.uncorrelated.error
1,0.8084573245519795,0.9492555203015445,0.17512535523271752,0.19063187125683898
0,0.7118159468579881,0.9708552281678766,0.16007866104687216,0.21725159114057246
